T0,Ts,Td
1855.687452,0.229561,4.993326
1866.717991,0.188074,4.388235
1877.724139,0.355795,6.013776
1886.649530,0.444136,7.424420
1900.920116,0.335332,5.536236
1912.782248,0.261227,4.972063
1923.343053,0.228297,4.304475
1934.106921,0.178537,4.110850
1943.492436,0.200248,4.737105
1954.320685,0.138102,3.840126
