T0,Ts,Td
1855.635599,0.232504,5.034025
1867.026325,0.170761,4.075388
1878.443127,0.267463,4.720149
1889.326920,0.237455,4.594941
1901.638302,0.286098,4.897244
1913.595152,0.207209,4.160148
1923.199199,0.239060,4.480586
1933.805693,0.194242,4.393975
1943.985019,0.175037,4.250082
1954.271543,0.140030,3.894046
